data,config,dgl
soc-Epinions1,3-64,2.4727
GitHub,3-64,3.1132
artist,3-64,1.8646
blog,3-64,7.3703
IGB_small,3-64,23.7166
com-DBLP,3-64,5.9643
amazon,3-64,15.1987
amazon0505,3-64,9.2889
dd,3-64,5.8903
comamazon,3-64,6.4048
yeast,3-64,35.2613
reddit,3-64,104.9808
AmazonProducts,3-64,10000
ogbn-arxiv,3-64,6.1107
ogbn-proteins,3-64,62.6189
ogb,3-64,10000
soc-Epinions1,3-128,3.0927
GitHub,3-128,3.5914
artist,3-128,2.287
blog,3-128,8.6625
IGB_small,3-128,37.3879
com-DBLP,3-128,8.9536
amazon,3-128,19.6269
amazon0505,3-128,13.5012
dd,3-128,8.7004
comamazon,3-128,9.8628
yeast,3-128,50.6665
reddit,3-128,117.3397
AmazonProducts,3-128,10000
ogbn-arxiv,3-128,7.8434
ogbn-proteins,3-128,70.3991
ogb,3-128,10000
