data,config,gat16
soc-Epinions1,1-64,0.7101
GitHub,1-64,0.3955
artist,1-64,0.5469
blog,1-64,0.9444
Reddit2,1-64,3.2379
com-DBLP,1-64,2.6666
amazon,1-64,3.6701
amazon0505,1-64,3.5555
dd,1-64,2.6906
yelp,1-64,7.7895
comamazon,1-64,2.8432
yeast,1-64,17.057
reddit,1-64,8.3455
AmazonProducts,1-64,31.1966
ogbn-arxiv,1-64,1.7883
ogbn-proteins,1-64,4.167
ogb,1-64,33.3141
soc-Epinions1,4-64,1.214
GitHub,4-64,0.7067
artist,4-64,1.1094
blog,4-64,1.9979
Reddit2,4-64,10.5645
com-DBLP,4-64,4.2728
amazon,4-64,6.9423
amazon0505,4-64,5.9911
dd,4-64,4.0115
yelp,4-64,14.3039
comamazon,4-64,4.5937
yeast,4-64,23.7497
reddit,4-64,25.5074
AmazonProducts,4-64,100.0822
ogbn-arxiv,4-64,2.4832
ogbn-proteins,4-64,15.3276
ogb,4-64,82.8948
